sku,total_quantity,product_name
SKU00001,105,Boeuf Oreille
SKU00002,82,Crème Projet
SKU00003,82,Biscuits Part
SKU00004,76,Saumon Comme
SKU00005,124,Porc Étonner
SKU00006,126,Huile Enfin
SKU00007,94,Jus Beau
SKU00008,90,Riz Inutile
SKU00009,108,Tomates Ami
SKU00010,117,Déodorant Saisir
SKU00011,93,Frites Remonter
SKU00012,128,Boeuf Entourer
SKU00013,127,Petits pots Saison
SKU00014,89,Eau En
SKU00015,106,Crème Accuser
SKU00016,103,Crème Boire
SKU00017,95,Soda Vol
SKU00018,75,Liquide vaisselle Sourire
SKU00019,89,Liquide vaisselle Baisser
SKU00020,82,Riz Ensuite
SKU00021,120,Bananes Bien
SKU00022,71,Savon Approcher
SKU00023,97,Pâtes Inconnu
SKU00024,102,Oranges Boire
SKU00025,102,Conserves Problème
SKU00026,134,Thon Espace
SKU00027,75,Poisson pané Flot
SKU00028,120,Carottes Tranquille
SKU00029,85,Nettoyant Poids
SKU00030,136,Pommes Eh
SKU00031,122,Porc Rapport
SKU00032,86,Conserves Conscience
SKU00033,81,Sauce tomate Réunir
SKU00034,75,Eau Rien
SKU00035,124,Biscuits Peur
SKU00036,112,Crème Étage
SKU00037,102,Chocolat Peur
SKU00038,80,Sauce tomate Montrer
SKU00039,102,Crevettes Disparaître
SKU00040,89,Biscuits Cerveau
SKU00041,112,Crème Chair
SKU00042,69,Confiture Toit
SKU00043,115,Nettoyant Occasion
SKU00044,103,Bananes Lentement
SKU00045,88,Thon Note
SKU00046,88,Biscuits Moyen
SKU00047,68,Saumon Perdu
SKU00048,121,Biscuits Avancer
SKU00049,125,Légumes surgelés Trésor
SKU00050,83,Oranges Terminer
SKU00051,98,Thé Tant
SKU00052,79,Légumes surgelés Chambre
SKU00053,82,Glace Bas
SKU00054,98,Sel Moins
SKU00055,92,Conserves Inviter
SKU00056,97,Lait infantile Chien
SKU00057,120,Lait Étrange
SKU00058,105,Lingettes Distinguer
SKU00059,118,Glace Disparaître
SKU00060,115,Savon Ramasser
SKU00061,91,Savon Parent
SKU00062,92,Huile Côté
SKU00063,158,Thé Nommer
SKU00064,89,Pâtes Deviner
SKU00065,115,Poisson pané Flot
SKU00066,66,Soda Peau
SKU00067,62,Céréales Étranger
SKU00068,80,Crème Bras
SKU00069,115,Glace Pain
SKU00070,105,Dentifrice Rejoindre
SKU00071,75,Thon Chaleur
SKU00072,84,Crevettes Autorité
SKU00073,73,Yaourt Tenir
SKU00074,79,Confiture Rassurer
SKU00075,74,Couches Aide
SKU00076,83,Lingettes Certainement
SKU00077,99,Nettoyant Éprouver
SKU00078,80,Thon Dehors
SKU00079,100,Éponges Monter
SKU00080,117,Confiture Poids
SKU00081,96,Crème Pleurer
SKU00082,82,Beurre Également
SKU00083,88,Miel Mode
SKU00084,88,Crème Baisser
SKU00085,94,Biscuits Défendre
SKU00086,72,Éponges Manier
SKU00087,97,Confiture Absence
SKU00088,115,Yaourt Mémoire
SKU00089,96,Biscuits Faute
SKU00090,85,Laitue Parvenir
SKU00091,91,Lait infantile Fortune
SKU00092,145,Shampoing Nord
SKU00093,121,Lait infantile Vif
SKU00094,94,Poisson pané Rencontrer
SKU00095,121,Boeuf Toucher
SKU00096,105,Lessive Point
SKU00097,111,Huile Curiosité
SKU00098,106,Lingettes Discuter
SKU00099,87,Poulet Gauche
SKU00100,119,Sucre Émotion
